",",target
flower (1).jpg,82
flower (2).jpg,12
flower (3).jpg,37
flower (4).jpg,127
flower (5).jpg,14
flower (6).jpg,26
flower (7).jpg,72
flower (8).jpg,20
flower (9).jpg,7
flower (10).jpg,67
flower (11).jpg,7
flower (12).jpg,11
flower (13).jpg,26
flower (14).jpg,32
flower (15).jpg,42
flower (16).jpg,41
flower (17).jpg,35
flower (18).jpg,26
flower (19).jpg,22
flower (20).jpg,21
flower (21).jpg,42
flower (22).jpg,91
flower (23).jpg,105
flower (24).jpg,143
flower (25).jpg,166
flower (26).jpg,146
flower (27).jpg,84
flower (28).jpg,75
flower (29).jpg,43
flower (30).jpg,30
flower (31).jpg,3
flower (32).jpg,6
flower (33).jpg,8
flower (34).jpg,21
flower (35).jpg,32
flower (36).jpg,49
flower (37).jpg,37
flower (38).jpg,52
flower (39).jpg,28
flower (40).jpg,25
