,target
flower (1).jpg,0
flower (2).jpg,0
flower (3).jpg,0
flower (4).jpg,0
flower (5).jpg,0
flower (6).jpg,0
flower (7).jpg,0
flower (8).jpg,0
flower (9).jpg,0
flower (10).jpg,0
flower (11).jpg,0
flower (12).jpg,0
flower (13).jpg,0
flower (14).jpg,0
flower (15).jpg,0
flower (16).jpg,0
flower (17).jpg,0
flower (18).jpg,0
flower (19).jpg,0
flower (20).jpg,0
flower (21).jpg,0
flower (22).jpg,0
flower (23).jpg,0
flower (24).jpg,0
flower (25).jpg,0
flower (26).jpg,0
flower (27).jpg,0
flower (28).jpg,0
flower (29).jpg,0
flower (30).jpg,0
flower (31).jpg,0
flower (32).jpg,0
flower (33).jpg,0
flower (34).jpg,0
flower (35).jpg,0
flower (36).jpg,0
flower (37).jpg,0
flower (38).jpg,0
flower (39).jpg,0
flower (40).jpg,0
